Name,Age,City
DAVID,60,Victoria
JESSICA,63,Edmonton
SOPHIA,41,St. John's
OLIVIA,34,Winnipeg
DAVID,25,St. John's
MICHAEL,71,Halifax
DANIEL,35,St. John's
MICHAEL,24,Vancouver
EMILY,26,Victoria
EMILY,44,Victoria
OLIVIA,39,Calgary
DAVID,58,Ottawa
DANIEL,23,Edmonton
DAVID,59,Winnipeg
EMILY,41,Victoria
JOHN,37,Edmonton
JAMES,72,Winnipeg
SARAH,20,Calgary
DANIEL,26,Victoria
JAMES,66,Calgary
EMILY,32,Calgary
EMILY,39,Toronto
SARAH,52,St. John's
SOPHIA,56,Calgary
MICHAEL,55,Halifax
SOPHIA,50,Calgary
EMILY,63,Toronto
JOHN,41,Toronto
DANIEL,65,Victoria
JESSICA,62,Ottawa
EMILY,27,Toronto
SARAH,45,St. John's
SOPHIA,75,St. John's
EMILY,43,Winnipeg
JOHN,46,Toronto
JESSICA,18,Halifax
DANIEL,28,Toronto
OLIVIA,19,Winnipeg
OLIVIA,20,Winnipeg
DAVID,32,Victoria
DAVID,28,Calgary
MICHAEL,29,Winnipeg
OLIVIA,68,Ottawa
MICHAEL,38,Winnipeg
JAMES,18,Halifax
OLIVIA,39,St. John's
DANIEL,37,Toronto
DANIEL,79,Ottawa
EMILY,75,Toronto
JOHN,35,Vancouver
JESSICA,65,Edmonton
JAMES,69,Montreal
JAMES,23,St. John's
MICHAEL,51,Ottawa
DAVID,42,Edmonton
SARAH,45,Halifax
MICHAEL,78,St. John's
MICHAEL,30,Edmonton
DANIEL,23,St. John's
JAMES,69,Montreal
JOHN,36,Ottawa
DANIEL,72,Victoria
DANIEL,52,Calgary
DAVID,42,Toronto
JAMES,55,Montreal
EMILY,64,Ottawa
EMILY,49,Vancouver
SOPHIA,29,Vancouver
OLIVIA,57,Halifax
EMILY,80,St. John's
JAMES,77,Toronto
JESSICA,22,St. John's
SARAH,58,Halifax
SOPHIA,78,Edmonton
EMILY,37,Halifax
MICHAEL,30,Toronto
EMILY,39,Winnipeg
EMILY,34,Victoria
SARAH,31,Winnipeg
SARAH,65,St. John's
JAMES,78,Toronto
JESSICA,44,Edmonton
